﻿"Title","ProductPrice","ProductID","QTY","ItemSize","OrderID","sub Total","EmailID"
"Bracelets","13.99","1","1","M","8",,
"Bracelets","13.99","1","3","S","9",,
"Chain","9.99","2","4","XS","10",,
"Diamond Jewellery","29.99","3","3","XS","10",,
"Chain","165.99","20","4","XS","10",,
"Gold Bracelets","13.99","1","4","XS","11",,
"Gold Bracelets","13.99","1","2","S","15",,
"Diamond Jewellery","29.99","3","2","XS","16",,
"Gold Bracelets","13.99","1","2","XS","17",,
"Diamond Jewellery","29.99","3","1","XS","18",,
"Ring","9.99","6","2","XS","19",,
"Diamond Jewellery","29.99","3","3","XS","20",,
"Diamond Jewellery","29.99","3","2","XS","21",,
"Chain","165.99","20","1","XS","22",,
"Pure Gold Chain","132.99","28","1","M","23",,
"Silver Ring","26.99","25","2","XS","24",,
"Silver Ring","26.99","25","2","XS","27",,
"Diamond Jewellery","29.99","3","2","XS","29",,
"Ring","9.99","6","1","XS","30",,
"Ring","9.99","6","1","XS","31",,
"Ring","9.99","6","2","XS","32",,
"Ring","9.99","6","1","XS","33",,
"Diamond Jewellery","29.99","3","2","XS","34",,
"Diamond Jewellery","29.99","3","1","XS","35",,
"Diamond Jewellery","29.99","3","1","XS","36",,
"Diamond Jewellery","29.99","3","1","XS","37",,
