﻿"Order total","Order comments","Image","Title","EmailID"
"19.9593",,,"bbbb",
"49.8979",,,,
"854.4523","22, Dalavai Palli Village , Madireddy Palli Post , Yadamari Mandal, Chittoor Dist, Andhra Pradesh, 517422",,"Yuvarajulu",
"64.8672","22, Dalavai Palli Village , Madireddy Palli Post , Yadamari Mandal, Chittoor Dist, Andhra Pradesh, 517422",,"Hello","pasamyuvaraj@gmail.com"
"4.99","22, Dalavai Palli Village , Madireddy Palli Post , Yadamari Mandal, Chittoor Dist, Andhra Pradesh, 517422",,"Yuvi","Pasamyuvaraj@gmail.com"
"4.99","22, Dalavai Palli Village , Madireddy Palli Post , Yadamari Mandal, Chittoor Dist, Andhra Pradesh, 517422",,"22, Dalavai Palli Village , Madireddy Palli Post , Yadamari Mandal, Chittoor Dist, Andhra Pradesh, 517422",
"4.99","22, Dalavai Palli Village , Madireddy Palli Post , Yadamari Mandal, Chittoor Dist, Andhra Pradesh, 517422",,"22, Dalavai Palli Village , Madireddy Palli Post , Yadamari Mandal, Chittoor Dist, Andhra Pradesh, 517422",
"34.9286",,,"qwe",
"69.1686","22, Dalavai Palli Village , Madireddy Palli Post , Yadamari Mandal, Chittoor Dist, Andhra Pradesh, 517422",,"Yuvarajulu P",
"34.9286",,,"Ttff",
"37.0793",,,"fdcfvv",
"26.3686",,,"Uday",
"101.2579",,,"k,jk",
"69.1686","Grand Rapids, Michigan, United States
243 Apt 2C Manzana CTNW walker",,"Grand Rapids, Michigan, United States",
"182.5993",,,"sdz",
"147.2893","Grand Rapids, Michigan, United States
243 Apt 2C Manzana CTNW walker",,"Grand Rapids, Michigan, United States",
"62.7486","244 1D Manazana Ctnw Grand Rapids",,"244 1D Manazana Ctnw Grand Rapids",
"4.99",,,"nnnnn",
"4.99",,,"bb",
"62.7486","Grand Rapids, Michigan, United States
243 Apt 2C Manzana CTNW walker",,"Grand Rapids, Michigan, United States",
"4.99","Grand Rapids, Michigan, United States
243 Apt 2C Manzana CTNW walker",,"Grand Rapids, Michigan, United States",
"69.1686","244 1D Manazana Ctnw Grand Rapids",,"244 1D Manazana Ctnw Grand Rapids",
"15.6793","5050 East Garford Street
063",,"5050 East Garford Street",
"15.6793","Grand Rapids, Michigan, United States
243 Apt 2C Manzana CTNW walker",,"Grand Rapids, Michigan, United States",
"26.3686","244 1D Manazana Ctnw Grand Rapids",,"244 1D Manazana Ctnw Grand Rapids",
"15.6793","Grand Rapids, Michigan, United States
243 Apt 2C Manzana CTNW walker",,"Grand Rapids, Michigan, United States",
"69.1686","Grand Rapids, Michigan, United States
243 Apt 2C Manzana CTNW walker",,"Grand Rapids, Michigan, United States",
"37.0793","Grand Rapids, Michigan, United States
243 Apt 2C Manzana CTNW walker",,"Grand Rapids, Michigan, United States",
"37.0793","244 1D Manazana Ctnw Grand Rapids",,"244 1D Manazana Ctnw Grand Rapids",
"37.0793","Grand Rapids, Michigan, United States
243 Apt 2C Manzana CTNW walker",,"Grand Rapids, Michigan, United States",
