﻿"Title","Product Description","Price","Sizes","ImageLink","Color","Category"
"Gold Bracelets","The item used for hand","13.99","XS,S,M,L","https://amante.sharepoint.com/sites/dev/SiteAssets/shopping/brace%20light.jpg","White","Bracelet"
"Gold Chain","Neck chain","9.99","XS,S,M,L","https://amante.sharepoint.com/sites/dev/SiteAssets/shopping/chain.png",,"Chain"
"Diamond Jewellery","Diamond Jewellery","29.99","XS,S,M,L","https://amante.sharepoint.com/sites/dev/SiteAssets/shopping/Diamond Jewelry.jpg",,"Chain"
"Earrings","Ear rings used for the ears","5.99","XS,S,M,L","https://amante.sharepoint.com/sites/dev/SiteAssets/shopping/Earrings.png",,"Ear Piercing"
"Necklace","This is used to neck","11.99","XS,S,M,L","https://amante.sharepoint.com/sites/dev/SiteAssets/shopping/Necklace.jpg",,"Chain"
"Ring",,"9.99","XS,S,M,L","https://amante.sharepoint.com/sites/dev/SiteAssets/shopping/Ring.jpg",,"Ring"
"Chain","Chain","165.99","XS,S,M,L","https://amante.sharepoint.com/sites/dev/SiteAssets/shopping/Gold%20designer%20Chain.jpg",,"Chain"
"Chain",,"189.99","XS,S,M,L","https://amante.sharepoint.com/sites/dev/SiteAssets/shopping/Gold%20kendra%20scott%20Chain.webp",,"Chain"
"Wedding Ring",,"85.99","XS,S,M,L","https://amante.sharepoint.com/sites/dev/SiteAssets/shopping/Wedding%20Ring.jpg",,"Ring"
"Gold Ring","Gold stone Ring","65.99","XS,S,M,L","https://amante.sharepoint.com/sites/dev/SiteAssets/shopping/OIPP.jpg",,"Ring"
"Ring","Stone Ring","35.99","XS,S,M,L","https://amante.sharepoint.com/sites/dev/SiteAssets/shopping/Gold%20stone%20ring.jpg",,"Ring"
"Silver Ring","Silver Ring","26.99","XS,S,M,L","https://amante.sharepoint.com/sites/dev/SiteAssets/shopping/OIP.jpg",,"Ring"
"Bracelet","Bracelet gold","145.99","XS,S,M,L","https://amante.sharepoint.com/sites/dev/SiteAssets/shopping/Braceletgold.jpg",,"Bracelet"
"Ear piercing",,"14.99","XS,S,M,L","https://amante.sharepoint.com/sites/dev/SiteAssets/shopping/Ear%20Rings.jpg",,"Ear Piercing"
"Pure Gold Chain","Gold Chain","132.99","XS,S,M,L","https://amante.sharepoint.com/sites/dev/SiteAssets/shopping/Pure%20Gold%20Chain.png",,"Chain"
